{
    "COVID-19": {
        "precision": 0.8888888888888888,
        "recall": 1.0,
        "f1-score": 0.9411764705882353,
        "support": 16.0
    },
    "Dengue": {
        "precision": 1.0,
        "recall": 0.9411764705882353,
        "f1-score": 0.9696969696969697,
        "support": 17.0
    },
    "Tuberculosis": {
        "precision": 1.0,
        "recall": 0.9411764705882353,
        "f1-score": 0.9696969696969697,
        "support": 17.0
    },
    "accuracy": 0.96,
    "macro avg": {
        "precision": 0.9629629629629629,
        "recall": 0.9607843137254902,
        "f1-score": 0.960190136660725,
        "support": 50.0
    },
    "weighted avg": {
        "precision": 0.9644444444444444,
        "recall": 0.96,
        "f1-score": 0.9605704099821747,
        "support": 50.0
    }
}