{
    "COVID-19": {
        "precision": 1.0,
        "recall": 1.0,
        "f1-score": 1.0,
        "support": 16.0
    },
    "Dengue": {
        "precision": 0.9444444444444444,
        "recall": 1.0,
        "f1-score": 0.9714285714285714,
        "support": 17.0
    },
    "Tuberculosis": {
        "precision": 1.0,
        "recall": 0.9411764705882353,
        "f1-score": 0.9696969696969697,
        "support": 17.0
    },
    "accuracy": 0.98,
    "macro avg": {
        "precision": 0.9814814814814815,
        "recall": 0.9803921568627452,
        "f1-score": 0.9803751803751805,
        "support": 50.0
    },
    "weighted avg": {
        "precision": 0.9811111111111112,
        "recall": 0.98,
        "f1-score": 0.979982683982684,
        "support": 50.0
    }
}