Model,Accuracy,F1 (Weighted),F1 (Macro),Precision,Recall,MCC
BioBERT,0.98,0.98,0.9797979797979798,0.9811764705882353,0.98,0.9705882352941176
ClinicalBERT,0.98,0.98,0.9797979797979798,0.9811764705882353,0.98,0.9705882352941176
BioLinkBERT,0.98,0.98,0.9797979797979798,0.9811764705882353,0.98,0.9705882352941176
Ensemble,0.98,0.98,0.9797979797979798,0.9811764705882353,0.98,0.9705882352941176
PubMedBERT,0.9,0.9011029411764706,0.9007352941176471,0.9066666666666667,0.9,0.8521640770649276
